{
  "statistics": {
    "end_points": {
      "mean": [
        0.5751014540801995,
        -0.0898504863941123,
        0.1504502062800188
      ],
      "std": [
        0.0027939925765832815,
        0.00168246374905762,
        0.0036867500629062296
      ],
      "min": [
        0.5693479030953853,
        -0.09306644866280286,
        0.145504197789143
      ],
      "max": [
        0.5840882631308647,
        -0.0823150111840973,
        0.16290743267221608
      ],
      "count": 100
    },
    "last_n_points": {
      "mean": [
        0.5750702847901409,
        -0.08988622350814299,
        0.15067328761163917
      ],
      "std": [
        0.0027931020130867504,
        0.0017158416193558538,
        0.004249253409132158
      ],
      "min": [
        0.5691430474815135,
        -0.0935125872213982,
        0.14534083266175496
      ],
      "max": [
        0.5840882631308647,
        -0.08224535400463717,
        0.1680418768268157
      ],
      "count": 1000
    }
  },
  "hole_center": [
    0.5751014540801995,
    -0.0898504863941123,
    0.1504502062800188
  ],
  "exploration_bounds": {
    "x_min": 0.5643479030953853,
    "x_max": 0.5890882631308647,
    "y_min": -0.09806644866280287,
    "y_max": -0.0773150111840973,
    "z_min": 0.145504197789143,
    "z_max": 0.18290743267221607
  },
  "suggested_target_pose": [
    0.5751014540801995,
    -0.0898504863941123,
    0.1504502062800188
  ],
  "suggested_reset_pose": [
    0.5751014540801995,
    -0.0898504863941123,
    0.2004502062800188
  ]
}